Rank,Tier,WSID,Overall,Team,Pos,Bye,Best,Worst,Avg,Std Dev,ADP,vs. ADP
1,1,,Saquon Barkley,NYG,RB1,11,1,5,1.5,0.8,1,0
2,1,,Christian McCaffrey,CAR,RB2,7,1,10,2.5,0.9,2,0
3,1,,Alvin Kamara,NO,RB3,9,1,5,2.9,1.1,3,0
4,1,,Ezekiel Elliott,DAL,RB4,8,1,47,4.9,5,4,0
5,1,,David Johnson,ARI,RB5,12,1,19,6.4,3.4,6,1
6,1,,DeAndre Hopkins,HOU,WR1,10,4,17,7.4,2.1,7,1
7,1,,Davante Adams,GB,WR2,11,5,20,8.4,3.1,8,1
8,2,,Julio Jones,ATL,WR3,9,6,16,9.9,2.3,11,3
9,2,,James Conner,PIT,RB6,7,3,29,11.9,5,10,1
10,2,,Le'Veon Bell,NYJ,RB7,4,2,52,12.8,6.4,5,-5
11,2,,Odell Beckham Jr.,CLE,WR4,7,4,25,12.8,4.1,12,1
12,2,,Michael Thomas,NO,WR5,9,5,25,13.3,3.8,9,-3
13,2,,Travis Kelce,KC,TE1,12,6,22,13.9,2.2,13,0
14,2,,Joe Mixon,CIN,RB8,9,5,40,14.1,5,17,3
15,2,,JuJu Smith-Schuster,PIT,WR6,7,6,30,15.3,4.3,16,1
16,2,,Nick Chubb,CLE,RB9,7,5,57,16.6,6.9,20,4
17,2,,Tyreek Hill,KC,WR7,12,6,79,17.3,5.7,15,-2
18,2,,Dalvin Cook,MIN,RB10,12,5,44,17.6,5.4,19,1
19,2,,Todd Gurley,LAR,RB11,9,3,51,19,9.9,14,-5
20,3,,Mike Evans,TB,WR8,7,12,34,21.8,3.9,21,1
21,3,,George Kittle,SF,TE2,4,13,69,24.2,7.5,29,8
22,3,,Antonio Brown,OAK,WR9,6,13,81,24.5,6.1,23,1
23,3,,T.Y. Hilton,IND,WR10,6,20,36,26.6,3.8,26,3
24,3,,Melvin Gordon,LAC,RB12,12,4,98,26.7,15.9,22,-2
25,3,,Zach Ertz,PHI,TE3,10,18,69,26.8,8.9,25,0
26,3,,Keenan Allen,LAC,WR11,12,18,40,26.8,3.8,24,-2
27,3,,Damien Williams,KC,RB13,12,6,71,28.5,11.9,28,1
28,3,,Amari Cooper,DAL,WR12,8,12,50,30.1,4.9,32,4
29,3,,Adam Thielen,MIN,WR13,12,12,44,30.2,4.2,27,-2
30,3,,Stefon Diggs,MIN,WR14,12,22,39,31.7,3.7,35,5
31,3,,Kerryon Johnson,DET,RB14,5,13,66,32.9,10.3,31,0
32,3,,Marlon Mack,IND,RB15,6,14,59,33.4,9,36,4
33,4,,Leonard Fournette,JAC,RB16,10,10,60,35.1,8.6,30,-3
34,4,,Devonta Freeman,ATL,RB17,9,14,59,35.3,9.4,34,0
35,4,,Patrick Mahomes,KC,QB1,12,1,73,35.4,13.2,18,-17
36,4,,Julian Edelman,NE,WR15,10,22,68,35.5,6.3,39,3
37,4,,Aaron Jones,GB,RB18,11,6,80,35.7,11.4,33,-4
38,4,,Brandin Cooks,LAR,WR16,9,20,49,35.9,3.8,40,2
39,4,,Robert Woods,LAR,WR17,9,24,55,37.4,5.3,41,2
40,4,,Kenny Golladay,DET,WR18,5,30,95,40.5,6.5,42,2
41,4,,Chris Godwin,TB,WR19,7,28,64,42.1,7.5,46,5
42,4,,Derrick Henry,TEN,RB19,11,13,93,42.4,9.3,38,-4
43,4,,Tyler Lockett,SEA,WR20,11,30,109,46.4,11.5,52,9
44,4,,Cooper Kupp,LAR,WR21,9,31,74,47.1,8.9,47,3
45,4,,Josh Jacobs,OAK,RB20,6,20,332,47.9,21,37,-8
46,4,,Chris Carson,SEA,RB21,11,23,89,51.4,12.3,51,5
47,4,,Alshon Jeffery,PHI,WR22,10,34,81,52.9,10.4,70,23
48,5,,Tyler Boyd,CIN,WR23,9,32,88,53.7,10.1,56,8
49,5,,Calvin Ridley,ATL,WR24,9,34,87,54.3,8.9,55,6
50,5,,Mark Ingram,BAL,RB22,8,19,90,54.9,13.6,50,0
51,5,,D.J. Moore,CAR,WR25,7,34,113,55.3,13.1,60,9
52,5,,Sony Michel,NE,RB23,10,31,89,55.8,11.9,44,-8
53,5,,Allen Robinson,CHI,WR26,6,36,110,56.8,14.9,69,16
54,5,,O.J. Howard,TB,TE4,7,22,101,57.7,12.5,59,5
55,5,,Mike Williams,LAC,WR27,12,36,88,59.4,11.9,63,8
56,5,,A.J. Green,CIN,WR28,9,26,112,59.5,20.3,45,-11
57,5,,Deshaun Watson,HOU,QB2,10,21,84,54.5,11.3,43,-14
58,5,,David Montgomery,CHI,RB24,6,17,257,59.7,19.4,62,4
59,5,,Phillip Lindsay,DEN,RB25,10,37,103,61.5,14.5,48,-11
60,5,,Aaron Rodgers,GB,QB3,11,36,87,57.2,9.3,54,-6
61,5,,Andrew Luck,IND,QB4,6,21,91,57.5,12.9,49,-12
62,5,,Evan Engram,NYG,TE5,11,18,95,63.5,11.9,57,-5
63,5,,Robby Anderson,NYJ,WR29,4,36,100,64.5,12.8,73,10
64,5,,Hunter Henry,LAC,TE6,12,47,94,65.3,9.1,65,1
65,5,,James White,NE,RB26,10,27,115,65.6,14.6,53,-12
66,5,,Jarvis Landry,CLE,WR30,7,30,127,65.7,16.4,64,-2
67,5,,Kenyan Drake,MIA,RB27,5,14,126,67.2,17.3,66,-1
68,5,,Sammy Watkins,KC,WR31,12,42,138,72.7,16.3,81,13
69,5,,Lamar Miller,HOU,RB28,10,38,123,72.8,14.4,68,-1
70,5,,Baker Mayfield,CLE,QB5,7,50,120,70.6,13.6,61,-9
71,5,,Tarik Cohen,CHI,RB29,6,40,129,76,16.5,58,-13
72,5,,Corey Davis,TEN,WR32,11,38,137,76.3,17.3,83,11
73,5,,Tevin Coleman,SF,RB30,4,43,136,76.8,17.3,67,-6
74,5,,Matt Ryan,ATL,QB6,9,47,118,72.3,14.9,72,-2
75,5,,Dante Pettis,SF,WR33,4,42,142,78,16.5,77,2
76,5,,Will Fuller,HOU,WR34,10,47,165,78.6,17.1,79,3
77,6,,Christian Kirk,ARI,WR35,12,47,124,79.1,14,78,1
78,6,,Marvin Jones,DET,WR36,5,45,203,81.7,18.6,96,18
79,6,,Latavius Murray,NO,RB31,9,44,132,84.5,14.5,100,21
80,6,,Sterling Shepard,NYG,WR37,11,58,151,87.1,15,93,13
81,6,,Curtis Samuel,CAR,WR38,7,57,169,88,18.6,107,26
82,6,,Rashaad Penny,SEA,RB32,11,52,142,89.1,15.3,80,-2
83,6,,Cam Newton,CAR,QB7,7,54,150,85.7,16.2,92,9
84,6,,Jared Cook,NO,TE7,9,13,140,86.1,16.5,74,-10
85,6,,Russell Wilson,SEA,QB8,11,55,139,86.3,19.4,88,3
86,6,,Larry Fitzgerald,ARI,WR39,12,55,138,91.3,17.8,89,3
87,6,,Dede Westbrook,JAC,WR40,10,39,195,91.5,22.7,97,10
88,6,,Derrius Guice,WAS,RB33,10,52,158,91.8,17,71,-17
89,6,,Courtland Sutton,DEN,WR41,10,58,129,92.1,14.2,95,6
90,6,,Carson Wentz,PHI,QB9,10,54,157,89.2,20.4,90,0
91,6,,Eric Ebron,IND,TE8,6,63,162,92.4,21.5,75,-16
92,6,,David Njoku,CLE,TE9,7,53,161,93.2,18.3,87,-5
93,6,,Drew Brees,NO,QB10,9,21,150,95.4,19.6,84,-9
94,6,,Jared Goff,LAR,QB11,9,63,147,96.3,17.2,101,7
95,6,,Miles Sanders,PHI,RB34,10,45,280,96.7,35.8,82,-13
96,6,,Austin Ekeler,LAC,RB35,12,52,146,101.2,20.7,76,-20
97,6,,Royce Freeman,DEN,RB36,10,65,144,101.3,14.2,102,5
98,6,,Vance McDonald,PIT,TE10,7,69,153,96.9,20.4,91,-7
99,6,,Geronimo Allison,GB,WR42,11,59,169,107.5,20.7,118,19
100,6,,Jameis Winston,TB,QB12,7,61,204,103.4,19.9,116,16
101,6,,Kyler Murray,ARI,QB13,12,56,202,103.7,26.3,105,4
102,6,,Jordan Howard,PHI,RB37,10,57,190,106,23.5,94,-8
103,6,,Austin Hooper,ATL,TE11,9,63,186,108.8,21.1,108,5
104,7,,Ben Roethlisberger,PIT,QB14,7,70,157,109.4,18.6,113,9
105,7,,Anthony Miller,CHI,WR43,6,79,176,109.8,18.6,135,30
106,7,,Keke Coutee,HOU,WR44,10,73,219,108.2,21.8,112,6
107,7,,Dak Prescott,DAL,QB15,8,69,189,114.4,18.9,127,20
108,7,,DeSean Jackson,PHI,WR45,10,73,219,117.3,22.3,122,14
109,7,,Lamar Jackson,BAL,QB16,8,59,188,117.7,21.8,132,23
110,7,,Golden Tate,NYG,WR46,11,65,216,114.6,28.2,126,16
111,7,,Delanie Walker,TEN,TE12,11,72,299,123.9,28.9,134,23
112,7,,Philip Rivers,LAC,QB17,12,82,173,120.5,19.2,121,9
113,7,,Darrell Henderson,LAR,RB38,9,50,294,117.8,38.3,85,-28
114,7,,LeSean McCoy,BUF,RB39,6,76,276,119.2,31,103,-11
115,7,,Trey Burton,CHI,TE13,6,72,222,125.1,21.7,128,13
116,7,,Marquez Valdes-Scantling,GB,WR47,11,60,223,122.6,28.4,111,-5
117,7,,Dion Lewis,TEN,RB40,11,84,266,127.8,26.7,155,38
118,7,,Ronald Jones II,TB,RB41,7,76,245,123.9,27.4,104,-14
119,7,,Kirk Cousins,MIN,QB18,12,76,233,129.1,25.4,150,31
120,7,,Matt Breida,SF,RB42,4,75,234,130,29.1,151,31
121,7,,Michael Gallup,DAL,WR48,8,90,226,126.4,23.2,160,39
122,7,,Devin Funchess,IND,WR49,6,45,198,126.6,27.2,145,23
123,7,,Nyheim Hines,IND,RB43,6,90,245,131.3,24.5,124,1
124,7,,Mitch Trubisky,CHI,QB19,6,68,250,132,25.4,148,24
125,7,,Donte Moncrief,PIT,WR50,7,48,231,132.1,32.7,130,5
126,7,,Emmanuel Sanders,DEN,WR51,10,49,228,132.2,29.8,110,-16
127,7,,Jordan Reed,WAS,TE14,10,77,242,138,26.8,144,17
128,7,,Jack Doyle,IND,TE15,6,94,258,137.3,27.3,175,47
129,7,,Kalen Ballage,MIA,RB44,5,68,240,136.8,28.2,125,-4
130,7,,John Brown,BUF,WR52,6,48,205,137.8,23.3,172,42
131,7,,Tyrell Williams,OAK,WR53,6,77,233,138.5,32.7,141,10
132,7,,Josh Allen,BUF,QB20,6,76,254,140.3,29.6,177,45
133,7,,Peyton Barber,TB,RB45,7,76,274,137.6,33.7,115,-18
134,7,,Adrian Peterson,WAS,RB46,10,73,224,133.5,24.2,137,3
135,7,,DaeSean Hamilton,DEN,WR54,10,80,207,138.4,25.6,204,69
136,7,,N'Keal Harry,NE,WR55,10,45,265,139,35.8,109,-27
137,7,,Tom Brady,NE,QB21,10,79,233,143.7,24.4,123,-14
138,7,,Duke Johnson,HOU,RB47,10,80,237,143.9,31.6,176,38
139,7,,Kyle Rudolph,MIN,TE16,12,94,256,144.7,23.8,139,0
140,7,,Jimmy Garoppolo,SF,QB22,4,94,253,147.1,27.2,159,19
141,7,,Mark Andrews,BAL,TE17,8,69,220,140,31,153,12
142,7,,Ito Smith,ATL,RB48,9,81,293,148.3,32,143,1
143,7,,James Washington,PIT,WR56,7,65,267,144.5,41,119,-24
144,7,,Jerick McKinnon,SF,RB49,4,57,284,140.6,40.4,120,-24
145,7,,Kenny Stills,MIA,WR57,5,62,204,141.3,27.8,197,52
146,8,,Jamison Crowder,NYJ,WR58,4,99,229,150.5,27.4,179,33
147,8,,Jimmy Graham,GB,TE18,11,63,267,151.4,36.6,154,7
148,8,,Greg Olsen,CAR,TE19,7,80,307,148.3,33.8,142,-6
149,8,,Jaylen Samuels,PIT,RB50,7,84,310,159.4,41.3,117,-32
150,8,,Carlos Hyde,KC,RB51,12,79,312,151.6,35.3,131,-19
151,8,,Damien Harris,NE,RB52,10,84,309,161.5,46.1,129,-22
152,8,,Matthew Stafford,DET,QB23,5,105,262,166.4,24.4,188,36
153,8,,Dallas Goedert,PHI,TE20,10,121,273,170.3,31.1,187,34
154,8,,Chris Herndon IV,NYJ,TE21,4,92,242,159.5,30.9,178,24
155,8,,D.K. Metcalf,SEA,WR59,11,101,286,156.4,39,114,-41
156,8,,Robert Foster,BUF,WR60,6,90,262,165.2,40.3,243,87
157,8,,Sam Darnold,NYJ,QB24,4,102,296,169.1,30.9,183,26
158,8,,Chris Thompson,WAS,RB53,10,114,279,170.9,27.2,194,36
159,8,,Derek Carr,OAK,QB25,6,109,259,171.9,27.5,186,27
160,8,,Mohamed Sanu,ATL,WR61,9,87,266,168.4,33.6,185,25
161,8,,Albert Wilson,MIA,WR62,5,79,265,168.6,32.4,219,58
162,8,,Kareem Hunt,CLE,RB54,7,111,292,173.1,35.5,98,-64
163,8,,Tre'Quan Smith,NO,WR63,9,112,231,173.8,25.4,182,19
164,8,,Chicago (CHI),,DST1,6,113,245,149.4,23.7,86,-78
165,8,,Marquise Goodwin,SF,WR64,4,96,327,167.1,39.5,216,51
166,8,,Devante Parker,MIA,WR65,5,85,276,175.8,33.9,201,35
167,8,,Quincy Enunwa,NYJ,WR66,4,105,258,180.3,30.8,280,113
168,8,,Parris Campbell,IND,WR67,6,98,292,172.1,37.4,152,-16
169,8,,Adam Humphries,TEN,WR68,11,108,258,178.3,35.5,198,29
170,8,,T.J. Hockenson,DET,TE22,5,102,291,175,41.5,138,-32
171,8,,Devin Singletary,BUF,RB55,6,88,317,176,43.3,147,-24
172,8,,C.J. Anderson,DET,RB56,5,123,312,176.8,34.6,195,23
173,8,,Andy Dalton,CIN,QB26,9,99,267,181.5,27.2,237,64
174,8,,Jamaal Williams,GB,RB57,11,123,317,174.2,32.6,205,31
175,8,,Giovani Bernard,CIN,RB58,9,141,289,186.7,27.2,221,46
176,8,,Noah Fant,DEN,TE23,10,71,271,180,37.1,169,-7
177,8,,Justin Jackson,LAC,RB59,12,106,309,191.1,48.8,166,-11
178,8,,Mike Gesicki,MIA,TE24,5,120,266,190.1,36.7,227,49
179,9,,Jacksonville (JAC),,DST2,10,130,268,157.8,23,136,-43
180,9,,Zay Jones,BUF,WR69,6,85,286,192.6,39.1,239,59
181,9,,Los Angeles (LAR),,DST3,9,135,230,163.4,18.6,99,-82
182,9,,Greg Zuerlein,LAR,K1,9,135,274,177.2,20.1,106,-76
183,9,,Justice Hill,BAL,RB60,8,86,315,189.4,53,171,-12
184,9,,Minnesota (MIN),,DST4,12,142,266,166.6,20.1,146,-38
185,9,,Baltimore (BAL),,DST5,8,135,277,166.6,24.5,156,-29
186,9,,Deebo Samuel,SF,WR70,4,111,312,184,37.8,209,23
187,9,,Nick Foles,JAC,QB27,10,107,302,196.5,34.6,202,15
188,9,,David Moore,SEA,WR71,11,111,263,194,31,284,96
189,9,,Marcus Mariota,TEN,QB28,11,91,294,198.2,31.7,193,4
190,9,,Mike Davis,CHI,RB61,6,123,315,188.1,37,234,44
191,9,,Los Angeles (LAC),,DST6,12,137,270,166.3,17.6,140,-51
192,9,,Taylor Gabriel,CHI,WR72,6,107,285,205.2,27,270,78
193,9,,Houston (HOU),,DST7,10,151,267,175.2,22.4,168,-25
194,9,,Randall Cobb,DAL,WR73,8,111,303,207.6,29.2,189,-5
195,9,,Marqise Lee,JAC,WR74,10,102,300,199,35.8,253,58
196,9,,Justin Tucker,BAL,K2,8,129,273,184,17.9,133,-63
197,9,,Jalen Richard,OAK,RB62,6,104,316,203.8,38.6,200,3
198,9,,Harrison Butker,KC,K3,12,152,218,185.3,12.8,149,-49
199,9,,Cleveland (CLE),,DST8,7,151,242,183.7,20.5,162,-37
200,9,,Tyler Eifert,CIN,TE25,9,127,303,209.1,39.3,199,-1
201,9,,Stephen Gostkowski,NE,K4,10,144,274,189.5,15.6,165,-36
202,9,,Antonio Callaway,CLE,WR75,7,128,327,211.5,35.7,238,36
203,9,,Marquise Brown,BAL,WR76,8,97,270,193.6,38.7,167,-36
204,9,,Chase Edmonds,ARI,RB63,12,120,272,212.5,35.5,259,55
205,9,,New Orleans (NO),,DST9,9,153,271,193.9,21.9,184,-21
206,9,,Trey Quinn,WAS,WR77,10,100,285,198.5,44.6,282,76
207,9,,Rex Burkhead,NE,RB64,10,112,323,206.5,42.1,252,45
208,9,,Ted Ginn,NO,WR78,9,109,316,218.4,37.3,226,18
209,9,,Gerald Everett,LAR,TE26,9,141,328,210.1,38.9,265,56
210,9,,John Ross,CIN,WR79,9,128,328,214.5,29.8,274,64
211,9,,Mecole Hardman,KC,WR80,12,109,361,203.4,46.8,163,-48
212,9,,Wil Lutz,NO,K5,9,162,275,200.4,16.2,161,-51
213,9,,A.J. Brown,TEN,WR81,11,147,311,202.9,30.5,203,-10
214,9,,Andy Isabella,ARI,WR82,12,116,314,214.9,39.9,228,14
215,9,,Nelson Agholor,PHI,WR83,10,139,292,215.7,28.3,231,16
216,9,,Denver (DEN),,DST10,10,149,239,197.6,14.9,157,-59
217,9,,Alexander Mattison,MIN,RB65,12,132,330,202,48.2,170,-47
218,9,,New England (NE),,DST11,10,140,272,208.5,14.2,181,-37
219,9,,Gus Edwards,BAL,RB66,8,116,356,212.6,44.8,258,39
220,9,,Joe Flacco,DEN,QB29,10,162,310,237.5,37.8,240,20
221,9,,Paul Richardson,WAS,WR84,10,130,342,224.7,36.4,295,74
222,9,,Buffalo (BUF),,DST12,6,150,266,206.7,17.5,220,-2
223,9,,Frank Gore,BUF,RB67,6,130,326,227.3,39,267,44
224,9,,Josh Doctson,WAS,WR85,10,129,314,224.3,34.7,326,102
225,9,,Ka'imi Fairbairn,HOU,K6,10,138,278,206.6,20.4,174,-51
226,9,,Malcolm Brown,LAR,RB68,9,126,405,226.2,48.6,292,66
227,9,,Mason Crosby,GB,K7,11,168,277,215.2,16.9,214,-13
228,9,,Dallas (DAL),,DST13,8,169,250,211.9,13.8,180,-48
229,9,,Jake Elliott,PHI,K8,10,170,280,218.5,16.2,208,-21
230,9,,D.J. Chark,JAC,WR86,10,96,339,233.3,32.7,319,89
231,10,,Seattle (SEA),,DST14,11,184,276,223.3,16.2,222,-9
232,10,,Philadelphia (PHI),,DST15,10,166,322,225.2,21.4,173,-59
233,10,,Elijah McGuire,NYJ,RB69,4,112,347,225.9,45.6,297,64
234,10,,Robbie Gould,SF,K9,4,168,286,227,21.8,164,-70
235,10,,T.J. Yeldon,BUF,RB70,6,116,388,230.8,44.1,250,15
236,10,,D'Onta Foreman,IND,RB71,6,100,510,195.3,77,158,-78
237,10,,Brett Maher,DAL,K10,8,177,287,224.5,19,192,-45
238,10,,Matt Prater,DET,K11,5,179,289,225.6,21,217,-21
239,10,,Michael Badgley,LAC,K12,12,174,314,231.4,21.1,210,-29
240,10,,Cole Beasley,BUF,WR87,6,129,332,241.2,39.3,246,6
241,10,,Pittsburgh (PIT),,DST16,7,186,299,232.8,19,218,-23
242,10,,Adam Vinatieri,IND,K13,6,172,313,237.7,18.3,206,-36
243,10,,Tennessee (TEN),,DST17,11,188,276,230.9,18.5,229,-14
244,10,,Kenneth Dixon,BAL,RB72,8,104,348,234.1,55.5,327,83
245,10,,Danny Amendola,DET,WR88,5,129,358,242.1,39.3,266,21
246,10,,Cameron Brate,TB,TE27,7,153,343,239.2,35.6,294,48
247,10,,Josh Reynolds,LAR,WR89,9,192,368,246.3,31.5,338,91
248,10,,Ian Thomas,CAR,TE28,7,161,348,239.9,37.1,256,8
249,10,,Eli Manning,NYG,QB30,11,138,350,249.8,31.7,249,0
250,10,,Willie Snead,BAL,WR90,8,123,285,236.4,29.7,302,52
251,10,,Indianapolis (IND),,DST18,6,186,307,240.8,24.4,224,-27
252,10,,Jason Myers,SEA,K14,11,185,323,244.8,21.4,223,-29
253,10,,Ryquell Armstead,JAC,RB73,10,133,333,241.5,48.8,263,10
254,10,,Equanimeous St. Brown,GB,WR91,11,178,332,248.6,33,337,83
255,10,,Ricky Seals-Jones,ARI,TE29,12,141,339,247.2,38,325,70
256,10,,Kansas City (KC),,DST19,12,167,309,247.3,27.8,190,-66
257,10,,Hayden Hurst,BAL,TE30,8,180,349,247.9,29.2,310,53
258,10,,Keelan Cole,JAC,WR92,10,82,341,252.7,32,347,89
259,10,,Jason Witten,DAL,TE31,8,118,334,234.7,39.9,196,-63
260,10,,Theo Riddick,DEN,RB74,10,143,359,247.2,40.5,288,28
261,10,,Doug Martin,OAK,RB75,6,123,317,247.4,36,323,62
262,10,,Dwayne Haskins,WAS,QB31,10,162,327,251.4,39.7,213,-49
263,10,,Phillip Dorsett,NE,WR93,10,177,358,255.4,38.1,291,28
264,10,,Graham Gano,CAR,K15,7,189,315,251.3,21.6,260,-4
265,10,,Ryan Fitzpatrick,MIA,QB32,5,173,395,265.9,44,264,-1
266,10,,Aldrick Rosas,NYG,K16,11,185,300,254.4,19.3,225,-41
267,10,,Dan Bailey,MIN,K17,12,184,318,260.6,24.8,215,-52
268,10,,Chris Conley,JAC,WR94,10,174,371,258.2,33.8,380,112
269,10,,Darren Waller,OAK,TE32,6,127,284,207.8,43.7,233,-36
270,10,,Carolina (CAR),,DST20,7,198,298,258.3,21.2,244,-26
271,10,,J.J. Arcega-Whiteside,PHI,WR95,10,148,315,249.9,35.6,269,-2
272,10,,Ryan Succop,TEN,K18,11,201,323,271.8,22.3,251,-21
273,10,,Tony Pollard,DAL,RB76,8,118,361,227.2,59.4,211,-62
274,10,,Josh Rosen,MIA,QB33,5,128,388,275.5,43.4,268,-6
275,10,,Green Bay (GB),,DST21,11,171,318,268.4,26.6,230,-45
276,10,,Atlanta (ATL),,DST22,9,172,317,266.1,24.7,245,-31
277,10,,Hakeem Butler,ARI,WR96,12,176,332,263.4,31.8,279,2
278,10,,Chris Hogan,CAR,WR97,7,160,378,270.7,34.5,300,22
279,10,,Chris Boswell,PIT,K19,7,198,316,271.1,21.7,278,-1
280,10,,Rashard Higgins,CLE,WR98,7,107,349,256.6,48.7,272,-8
281,10,,Taywan Taylor,TEN,WR99,11,197,367,265.2,38,392,111
282,10,,Corey Clement,PHI,RB77,10,189,337,273.2,31.4,356,74
283,10,,Breshad Perriman,TB,WR100,7,141,364,268,45.3,363,80
284,10,,Arizona (ARI),,DST23,12,210,335,283.7,27.6,261,-23
285,10,,Darwin Thompson,KC,RB78,12,128,336,251,56.6,212,-73
286,10,,Demaryius Thomas,NE,WR101,10,148,421,260.2,50,241,-45
287,11,,Brandon McManus,DEN,K20,10,203,317,279.6,17.4,257,-30
288,11,,Benny Snell Jr.,PIT,RB79,7,158,359,272.9,41.6,248,-40
289,11,,Greg Joseph,CLE,K21,7,192,322,276.7,29.2,406,117
290,11,,Alfred Blue,JAC,RB80,10,146,380,283.9,49.7,314,24
291,11,,Case Keenum,WAS,QB34,10,191,416,297.5,38,353,62
292,11,,Josh Lambo,JAC,K22,10,204,352,285.2,21.2,320,28
293,11,,Washington (WAS),,DST24,10,195,333,290,29.6,271,-22
294,11,,Jordan Wilkins,IND,RB81,6,235,389,287.9,33.3,357,63
295,11,,Nick Vannett,SEA,TE33,11,199,377,275.2,36,478,183
296,11,,Miles Boykin,BAL,WR102,8,163,355,255.2,48,289,-7
297,11,,Giorgio Tavecchio,ATL,K23,9,182,313,266.1,36.2,207,-90
298,11,,Dexter Williams,GB,RB82,11,152,402,276.2,50.3,275,-23
299,11,,Ty Montgomery,NYJ,RB83,4,156,381,283.2,42.5,318,19
300,11,,Detroit (DET),,DST25,5,212,346,297.6,23.4,247,-53
301,11,,Josh Adams,PHI,RB84,10,130,476,282.6,60.2,403,102
302,11,,Steven Hauschka,BUF,K24,6,208,330,294,21.1,306,4
303,11,,Demarcus Robinson,KC,WR103,12,113,350,265.3,39.4,285,-18
304,11,,Devontae Booker,DEN,RB85,10,172,372,290.9,36.6,368,64
305,11,,Cordarrelle Patterson,CHI,WR104,6,209,347,286.2,31.2,371,66
306,11,,Charles Clay,ARI,TE34,12,201,359,285,32.8,398,92
307,11,,Cairo Santos,TB,K25,7,214,332,299.9,25.5,568,261
308,11,,New York (NYJ),,DST26,4,180,332,283.2,27.7,242,-66
309,11,,Terry McLaurin,WAS,WR105,10,88,372,250.4,53.9,328,19
310,11,,Daniel Carlson,OAK,K26,6,209,341,301.9,22.1,332,22
311,11,,New York (NYG),,DST27,11,215,345,304.8,23.9,281,-30
312,11,,Jake Kumerow,GB,WR106,11,208,360,293.8,34.1,373,61
313,11,,Will Dissly,SEA,TE35,11,160,339,249,45.6,307,-6
314,11,,Jonnu Smith,TEN,TE36,11,139,362,277.1,33,386,72
315,11,,Diontae Johnson,PIT,WR107,7,133,371,279.3,43.5,331,16
316,11,,Ryan Grant,OAK,WR108,6,212,390,290.6,35.1,971,655
317,11,,Wendell Smallwood,PHI,RB86,10,195,431,307.5,37,376,59
318,11,,Deon Cain,IND,WR109,6,197,397,296,44.6,309,-9
319,11,,Wayne Gallman,NYG,RB87,11,233,381,305.5,29.7,341,22
320,11,,Irv Smith Jr.,MIN,TE37,12,212,354,278.1,34.1,235,-85
321,11,,Jordan Thomas,HOU,TE38,10,169,377,252.1,50.9,305,-16
322,11,,San Francisco (SF),,DST28,4,184,350,305.1,31.6,236,-86
323,11,,Keith Kirkwood,NO,WR110,9,205,379,297.8,34.4,518,195
324,11,,Matt LaCosse,NE,TE39,10,159,366,265.3,46.9,276,-48
325,11,,Travis Benjamin,LAC,WR111,12,195,351,263.3,41.4,367,42
326,11,,Jake Butt,DEN,TE40,10,190,384,296.1,37.6,381,55
327,11,,Ryan Tannehill,TEN,QB35,11,190,420,319.7,43.2,405,78
328,11,,John Kelly,LAR,RB88,9,244,413,309.1,36.7,918,590
329,11,,Cameron Meredith,NE,WR112,10,222,393,301.1,39.3,677,348
330,11,,KeeSean Johnson,ARI,WR113,12,124,383,253.9,67,315,-15
331,11,,Spencer Ware,IND,RB89,6,204,393,285.1,40.2,352,21
332,11,,Josh Gordon,NE,WR114,10,108,374,249.7,76,191,-141
333,11,,Miami (MIA),,DST29,5,211,361,309.5,28.7,277,-56
334,11,,Cameron Artis-Payne,CAR,RB90,7,237,415,325.1,29.5,334,0
335,11,,Mike Weber,DAL,RB91,8,235,504,319.1,54,303,-32
336,11,,Geoff Swaim,JAC,TE41,10,183,375,271.7,58.9,308,-28
337,11,,Bilal Powell,NYJ,RB92,4,211,450,311.9,50.6,345,8
338,11,,J'Mon Moore,GB,WR115,11,250,383,307.2,32.5,923,585
339,11,,Qadree Ollison,ATL,RB93,9,195,391,289.3,55.5,293,-46
340,11,,Daniel Jones,NYG,QB36,11,202,417,314,46,262,-78
341,11,,Rod Smith,NYG,RB94,11,235,516,326,43.9,"1,018.00",677
342,11,,Matt Bryant,FA,K27,,197,320,268.4,38.6,329,-13
343,11,,Bruce Anderson,TB,RB95,7,173,330,271.5,48.3,298,-45
344,11,,Dustin Hopkins,WAS,K28,10,216,336,313.9,17.8,311,-33
345,11,,Justin Watson,TB,WR116,7,197,342,274.6,41.3,434,89
346,12,,Kendrick Bourne,SF,WR117,4,179,392,301.2,40.7,414,68
347,12,,Tampa Bay (TB),,DST30,7,233,347,308.6,25.1,304,-43
348,12,,Trent Taylor,SF,WR118,4,174,500,284.1,67.8,343,-5
349,12,,Jace Sternberger,GB,TE42,11,173,386,285.2,48.6,342,-7
350,12,,Hunter Renfrow,OAK,WR119,6,175,378,269.2,60.3,312,-38
351,12,,Maurice Harris,NE,WR120,10,169,379,271.6,47.3,322,-29
352,12,,Vernon Davis,WAS,TE43,10,191,343,283.8,47.7,461,109
353,12,,Blake Jarwin,DAL,TE44,8,178,360,279.2,44.3,355,2
354,12,,Chandler Catanzaro,NYJ,K29,4,213,341,309.4,22.2,330,-24
355,12,,Josh Oliver,JAC,TE45,10,183,398,298.1,56.6,359,4
356,12,,Benjamin Watson,NE,TE46,10,153,329,271.8,32.4,254,-102
357,12,,C.J. Uzomah,CIN,TE47,9,154,372,292.5,45,344,-13
358,12,,Myles Gaskin,MIA,RB96,5,283,390,333.8,24.5,358,0
359,12,,Jay Ajayi,FA,RB97,,110,365,278.5,53.5,255,-104
360,12,,Jalen Hurd,SF,WR121,4,114,368,299,37.3,377,17
361,12,,Trayveon Williams,CIN,RB98,9,231,407,329.8,40.4,299,-62
362,12,,Alfred Morris,DAL,RB99,8,187,535,287.3,81.1,232,-130
363,12,,Tyler Higbee,LAR,TE48,9,209,361,301.4,39.7,365,2
364,12,,Tim Patrick,DEN,WR122,10,207,379,316.9,46.6,472,108
365,12,,Dawson Knox,BUF,TE49,6,157,395,306.4,43.3,372,7
366,12,,Jesse James,DET,TE50,5,189,361,290.4,46.7,273,-93
367,12,,Michael Crabtree,FA,WR123,,210,367,266.4,37.6,370,3
368,12,,Zach Zenner,DET,RB100,5,205,387,330.4,26.2,419,51
369,12,,Jaron Brown,SEA,WR124,11,194,388,305.9,43.7,416,47
370,12,,Chester Rogers,IND,WR125,6,222,396,309.4,34.7,437,67
371,12,,Dontrelle Inman,NE,WR126,10,156,391,310.4,44.7,851,480
372,12,,Adam Shaheen,CHI,TE51,6,179,364,312.2,40.6,465,93
373,12,,Brian Hill,ATL,RB101,9,171,473,296.3,76.1,351,-22
374,12,,Kelvin Harmon,WAS,WR127,10,226,393,314.8,38,313,-61
375,12,,Jeff Wilson,SF,RB102,4,255,515,333.6,53.3,487,112
376,12,,Andre Ellington,TB,RB103,7,248,396,304.1,43.7,"1,019.00",643
377,12,,Ryan Switzer,PIT,WR128,7,218,378,298.5,42.3,425,48
378,12,,Gary Jennings,SEA,WR129,11,176,377,318.6,50.1,469,91
379,12,,Jakobi Meyers,NE,WR130,10,112,687,308.3,123.3,290,-89
380,12,,Austin Seferian-Jenkins,FA,TE52,,242,358,276.5,31.4,615,235
381,12,,Laquon Treadwell,MIN,WR131,12,270,393,322,33.2,426,45
382,12,,Drew Lock,DEN,QB37,10,241,418,330.3,41,336,-46
383,12,,Ameer Abdullah,MIN,RB104,12,304,512,344.5,48.7,459,76
384,12,,Jakeem Grant,MIA,WR132,5,204,362,297.3,53.3,"1,017.00",633
385,12,,Darren Sproles,PHI,RB105,10,219,430,310.3,62.4,286,-99
386,12,,Luke Willson,OAK,TE53,6,191,359,310.4,31,694,308
387,12,,Kahale Warring,HOU,TE54,10,232,364,321.3,29,409,22
388,12,,Dontrell Hilliard,CLE,RB106,7,226,381,289.8,52.8,388,0
389,12,,Trenton Cannon,NYJ,RB107,4,248,415,343.1,26.1,417,28
390,12,,Bryce Love,WAS,RB108,10,230,391,328.6,42.6,316,-74
391,12,,Mark Walton,MIA,RB109,5,263,349,322.5,24.6,"1,023.00",632
392,12,,Chad Beebe,MIN,WR133,12,208,382,276.4,55.8,467,75
393,12,,Damarea Crockett,HOU,RB110,10,180,425,322.9,64.4,464,71
394,12,,Riley Ridley,CHI,WR134,6,245,384,332.7,29.2,287,-107
395,12,,Jordan Scarlett,CAR,RB111,7,195,456,342.4,45.6,374,-21
396,12,,Rodney Anderson,CIN,RB112,9,272,496,345.4,50,321,-75
397,12,,Allen Hurns,MIA,WR135,5,175,390,329.8,30.8,625,228
398,12,,Cody Latimer,NYG,WR136,11,223,328,276.3,38.8,"1,014.00",616
399,12,,Cincinnati (CIN),,DST31,9,255,353,324.7,14.8,339,-60
400,12,,Blake Bortles,LAR,QB38,9,261,462,344,53.8,433,33
401,12,,Mike Boone,MIN,RB113,12,274,409,337.5,36.4,"1,016.00",615
402,12,,Taysom Hill,NO,QB39,9,258,466,350.5,52.6,379,-23
403,12,,Preston Williams,MIA,WR137,5,242,370,306,44.9,385,-18
404,12,,Jordan Matthews,SF,WR138,4,250,483,326.4,63.5,446,42
405,12,,Rishard Matthews,NO,WR139,9,199,411,309.3,55.2,755,350
406,12,,Darrel Williams,KC,RB114,12,200,402,336.8,49.3,441,35
407,12,,Randy Bullock,CIN,K30,9,308,354,327.1,15.3,395,-12
408,12,,Cody Parkey,FA,K31,,225,319,297.9,14.3,369,-39
409,12,,Darius Slayton,NYG,WR140,11,243,389,331.3,49.8,452,43
410,12,,Travis Homer,SEA,RB115,11,182,403,322,59.8,493,83
411,13,,Tyler Kroft,BUF,TE55,6,242,373,323,45.5,410,-1
412,13,,Marcus Murphy,BUF,RB116,6,316,457,350.4,37.7,827,415
413,13,,Dez Bryant,FA,WR141,,242,347,287,34.7,317,-96
414,13,,Alex Erickson,CIN,WR142,9,301,370,340.7,18.4,681,267
415,13,,Torrey Smith,CAR,WR143,7,248,366,328.6,30.4,513,98
416,13,,Ty Johnson,DET,RB117,5,231,418,314.9,64.2,412,-4
417,13,,Alex Collins,FA,RB118,,187,332,298.3,36.8,400,-17
418,13,,Karan Higdon,HOU,RB119,10,227,649,361.3,114.9,497,79
419,13,,Jarius Wright,CAR,WR144,7,251,376,321.6,36.4,439,20
420,13,,Jeff Heuerman,DEN,TE56,10,192,374,322,57.1,428,8
421,13,,Kevin White,ARI,WR145,12,213,397,322.9,47.1,594,173
422,13,,Jason Croom,BUF,TE57,6,232,391,303.7,51.6,669,247
423,13,,Chris Moore,BAL,WR146,8,172,313,275.6,23.4,348,-75
424,13,,Pierre Garcon,FA,WR147,,257,302,277,19.7,504,80
425,13,,Zane Gonzalez,ARI,K32,12,301,339,326.6,8.6,346,-79
426,13,,Foster Moreau,OAK,TE58,6,173,392,286.8,72.8,495,69
427,13,,Jordan Akins,HOU,TE59,10,215,380,314.3,44.2,519,92
428,13,,Javorius Allen,FA,RB120,,264,388,319.7,38.6,423,-5
429,13,,Demetrius Harris,CLE,TE60,7,269,375,322,32.3,440,11
430,13,,Rhett Ellison,NYG,TE61,11,281,387,323.2,42.5,717,287
431,13,,Tajae Sharpe,TEN,WR148,11,252,408,323.8,50.6,450,19
432,13,,Chad Williams,ARI,WR149,12,278,397,325,40,737,305
433,13,,Oakland (OAK),,DST32,6,299,355,332.2,14.5,296,-137
434,13,,Scott Miller,TB,WR150,7,260,391,353.4,36.8,,
435,13,,Kyle Juszczyk,SF,RB121,4,238,385,320,57.7,429,-6
436,13,,Mo Alie-Cox,IND,TE62,6,267,406,341.2,40.6,442,6
437,13,,LeGarrette Blount,FA,RB122,,305,337,321,12.8,408,-29
438,13,,J.J. Nelson,OAK,WR151,6,285,389,343,26.5,539,101
439,13,,Eli Rogers,PIT,WR152,7,288,401,343.7,33.6,565,126
440,13,,Nick Mullens,SF,QB40,4,260,620,375.2,121.2,456,16
441,13,,Jason Sanders,MIA,K33,5,316,340,327,8.7,402,-39
442,13,,James O'Shaughnessy,JAC,TE63,10,270,374,327.6,39.8,593,151
443,13,,Eddy Pineiro,CHI,K34,6,298,342,328.4,12.5,333,-110
444,13,,Josh Hill,NO,TE64,9,277,355,328.8,18.3,390,-54
445,13,,Seth Roberts,BAL,WR153,8,246,374,332.6,34,448,3
446,13,,Jacob Hollister,SEA,TE65,11,263,468,340.4,68.8,575,129
447,13,,Elijah Holyfield,CAR,RB123,7,257,578,365.8,115.3,340,-107
448,13,,DeAndre Carter,HOU,WR154,10,315,389,343.2,25.2,597,149
449,13,,Kelvin Benjamin,FA,WR155,,263,285,274.3,9,516,67
450,13,,Nick Boyle,BAL,TE66,8,247,367,318.5,46.2,523,73
451,13,,Mack Hollins,PHI,WR156,10,295,354,321.3,21.2,806,355
452,13,,Justin Hardy,ATL,WR157,9,279,372,346.8,23.3,544,92
453,13,,Xavier Grimble,PIT,TE67,7,264,381,323.3,50.5,551,98
454,13,,Marcell Ateman,OAK,WR158,6,304,370,348,13.8,584,130
455,13,,Blake Bell,KC,TE68,12,267,388,349.2,46.2,435,-20
456,13,,Jordan Taylor,MIN,WR159,12,272,367,326,35.7,853,397
457,13,,Tavon Austin,DAL,WR160,8,283,376,327,33.5,413,-44
458,13,,Alex Barnes,TEN,RB124,11,306,463,370.2,47.6,460,2
459,13,,Josh Ferguson,HOU,RB125,10,169,428,329.3,97.3,"1,021.00",562
460,13,,Virgil Green,LAC,TE69,12,291,350,330.8,23.4,510,50
461,13,,J.D. McKissic,SEA,RB126,11,238,626,390,128.1,"1,022.00",561
462,13,,Emanuel Hall,CHI,WR161,6,297,732,412.2,161.6,354,-108
463,13,,Russell Shepard,NYG,WR162,11,322,347,333.3,9,619,156
464,13,,Will Grier,CAR,QB41,7,242,420,356.6,60.6,396,-68
465,13,,Drew Sample,CIN,TE70,9,257,484,344.3,91.8,491,26
466,13,,Richie James,SF,WR163,4,253,384,336.3,49.6,588,122
467,13,,Benny Cunningham,JAC,RB127,10,261,352,301.3,37.9,"1,020.00",553
468,13,,Isaiah McKenzie,BUF,WR164,6,317,388,359.8,26.9,454,-14
469,13,,Jordan Lasley,OAK,WR165,6,268,760,417.5,199.4,560,91
470,13,,Garrett Celek,SF,TE71,4,239,379,342,59.5,634,164
471,13,,Matt Gay,TB,K35,7,295,315,308,9.2,301,-170
472,13,,Corey Grant,FA,RB128,,284,455,347,64.9,804,332
473,13,,Nick O'Leary,MIA,TE72,5,259,354,313,39.9,"1,006.00",533
474,13,,Teddy Bridgewater,NO,QB42,9,317,577,402.2,87.3,383,-91
475,13,,Raheem Mostert,SF,RB129,4,331,389,367.8,21.6,836,361
476,13,,Bennie Fowler,NYG,WR166,11,295,332,316.3,15.6,774,298
477,13,,Colt McCoy,WAS,QB43,10,262,426,317.7,76.6,527,50
478,13,,Luke Stocker,ATL,TE73,9,286,403,350,43.3,800,322
479,13,,Dan Arnold,NO,TE74,9,282,402,350.8,44.7,744,265
480,13,,Chris Ivory,FA,RB130,,307,330,321,10,485,5
481,13,,Devine Ozigbo,NO,RB131,9,314,738,425.3,180.6,418,-63
482,13,,Braxton Berrios,NE,WR167,10,236,412,325.7,71.9,602,120
483,13,,Austin Carr,NO,WR168,9,324,385,357.5,26.2,582,99
484,13,,Ryan Griffin,NYJ,TE75,4,223,622,387.3,170.3,555,71
485,13,,Trent Sherfield,ARI,WR169,12,289,399,330.7,48.7,629,144
486,13,,Trevon Wesco,NYJ,TE76,4,323,349,332,12,782,296
487,13,,Darius Jackson,DAL,RB132,8,309,487,371.5,72.6,324,-163
488,13,,Zach Pascal,IND,WR170,6,311,365,334,22.8,468,-20
489,13,,Ed Dickson,SEA,TE77,11,305,412,362.3,38.4,512,23
490,13,,C.J. Prosise,SEA,RB133,11,238,486,348,103.2,562,72
491,13,,Robert Griffin,BAL,QB44,8,337,434,380.4,40.7,397,-94
492,13,,Greg Dortch,NYJ,WR171,4,275,693,418.3,194.3,598,106
493,13,,Brandon Powell,DET,WR172,5,351,470,385.4,43,777,284
494,13,,Noah Brown,DAL,WR173,8,313,373,337,25.9,547,53
495,13,,Josh Bellamy,NYJ,WR174,4,329,348,338.7,7.8,470,-25
496,13,,Juwann Winfree,DEN,WR175,10,332,400,366.8,24.1,476,-20
497,13,,Andre Roberts,BUF,WR176,6,319,368,340.7,20.4,892,395
498,13,,DeAndre Washington,OAK,RB134,6,337,387,367.5,20.7,731,233
499,13,,Maxx Williams,ARI,TE78,12,288,383,345,41,592,93
500,13,,Cody Core,CIN,WR177,9,314,373,346.3,24.4,577,77
501,13,,Brice Butler,MIA,WR178,5,269,435,347.3,68.1,826,325
502,13,,Kenjon Barner,ATL,RB135,9,331,493,396.6,55.8,709,207
503,13,,Dwayne Washington,NO,RB136,9,355,392,373.5,13.1,877,374
504,13,,T.J. Logan,ARI,RB137,12,322,433,374.5,48.3,635,131
505,13,,Vyncint Smith,HOU,WR179,10,334,382,353,20.8,618,113
506,13,,Auden Tate,CIN,WR180,9,290,330,310,20,529,23
507,13,,Tyrod Taylor,LAC,QB45,12,320,475,386.5,66.7,484,-23
508,13,,Russell Gage,ATL,WR181,9,310,414,359,42.7,943,435
509,13,,Dalton Schultz,DAL,TE79,8,292,416,361,51.6,570,61
510,14,,Anthony Firkser,TEN,TE80,11,281,360,320.5,39.5,913,403
511,14,,Gregory Howell,HOU,RB138,10,257,679,440.3,176.7,873,362
512,14,,Lee Smith,BUF,TE81,6,293,449,365,64.2,698,186
513,14,,James Develin,NE,RB139,10,342,387,364.7,18.4,362,-151
514,14,,Josh Malone,CIN,WR182,9,300,547,399,106.6,784,270
515,14,,CJ Ham,MIN,RB140,12,353,382,367.3,11.8,486,-29
516,14,,Byron Pringle,KC,WR183,12,361,678,445.8,134.2,494,-22
517,14,,Damion Ratley,CLE,WR184,7,303,358,330.5,27.5,509,-8
518,14,,Chris Warren III,FA,RB141,,305,703,456.7,175.7,830,312
519,14,,Dwayne Allen,MIA,TE82,5,317,351,334,17,600,81
520,14,,Lance Kendricks,NE,TE83,10,227,580,403.5,176.5,557,37
521,14,,Detrez Newsome,LAC,RB142,12,308,410,375.3,47.6,680,159
522,14,,Paul Perkins,NYG,RB143,11,287,451,377.3,68,569,47
523,14,,Brett Hundley,ARI,QB46,12,319,441,380,49.8,"1,015.00",492
524,14,,Boston Scott,PHI,RB144,10,329,502,399,74.4,"1,024.00",500
525,14,,Elijhaa Penny,NYG,RB145,11,345,356,350.5,5.5,817,292
526,14,,Jacquizz Rodgers,NO,RB146,9,331,548,418.3,93.5,667,141
527,14,,Logan Paulsen,ATL,TE84,9,341,518,408.7,78,865,338
528,14,,Marvin Hall,CHI,WR185,6,343,452,387,46.9,716,188
529,14,,Zach Gentry,PIT,TE85,7,280,436,358,78,824,295
530,14,,John Ursua,SEA,WR186,11,327,394,360.5,33.5,630,100
531,14,,Travis Fulgham,DET,WR187,5,332,392,362,30,785,254
532,14,,Zach Line,NO,RB147,9,361,373,367,6,772,240
533,14,,Eric Tomlinson,NYJ,TE86,4,361,373,367,6,668,135
534,14,,Richard Rodgers,PHI,TE87,10,290,591,440.5,150.5,591,57
535,14,,Deontay Burnett,NYJ,WR188,4,337,408,372.5,35.5,719,184
536,14,,Caleb Wilson,ARI,TE88,12,301,763,532,231,901,365
537,14,,Emmanuel Butler,NO,WR189,9,315,648,481.5,166.5,483,-54
538,14,,Matt Schaub,ATL,QB47,9,333,608,458.7,113.5,673,135
539,14,,Ross Travis,IND,TE89,6,323,550,436.5,113.5,647,108
540,14,,Kaden Smith,SF,TE90,4,324,640,482,158,870,330
541,14,,Ishmael Hyman,CLE,WR190,7,324,673,498.5,174.5,,
542,14,,Jonathan Williams,IND,RB148,6,326,465,395.5,69.5,805,263
543,14,,Alize Mack,NO,TE91,9,329,509,419,90,608,65
544,14,,Isaac Nauta,DET,TE92,5,330,564,447,117,767,223
545,14,,Anthony Sherman,KC,RB149,12,386,396,391,5,475,-70
546,14,,Eric Saubert,ATL,TE93,9,335,602,468.5,133.5,933,387
547,14,,Charles Johnson,PHI,WR191,10,337,554,445.5,108.5,981,434
548,14,,Jacoby Brissett,IND,QB48,6,352,581,455,94.9,421,-127
549,14,,Aldrick Robinson,CAR,WR192,7,341,444,392.5,51.5,474,-75
550,14,,David Fluellen,TEN,RB150,11,393,399,396,3,628,78
551,14,,Logan Thomas,DET,TE94,5,394,401,397.5,3.5,868,317
552,14,,Mason Rudolph,PIT,QB49,7,352,634,476.7,117.4,471,-81
553,14,,Matt Barkley,BUF,QB50,6,351,517,434,83,545,-8
554,14,,Kelvin McKnight,DEN,WR193,10,352,734,543,191,944,390
555,14,,Fred Brown,DEN,WR194,10,355,726,540.5,185.5,,
556,14,,Keelan Doss,OAK,WR195,6,356,641,498.5,142.5,,
557,14,,Terry Godwin,CAR,WR196,7,356,739,547.5,191.5,750,193
558,14,,Darius Jennings,TEN,WR197,11,357,569,463,106,771,213
559,14,,Daurice Fountain,IND,WR198,6,357,690,523.5,166.5,922,363
560,14,,Dillon Mitchell,MIN,WR199,12,358,507,432.5,74.5,664,104
561,14,,Marcus Green,ATL,WR200,9,359,699,529,170,829,268
562,14,,Dwayne Harris,OAK,WR201,6,369,440,404.5,35.5,921,359
563,14,,Olabisi Johnson,MIN,WR202,12,363,538,450.5,87.5,891,328
564,14,,Ryan Finley,CIN,QB51,9,380,431,405.5,25.5,488,-76
565,14,,Chase Daniel,CHI,QB52,6,378,523,445,59.7,528,-37
566,14,,Levine Toilolo,SF,TE95,4,400,417,408.5,8.5,576,10
567,14,,Trinity Benson,DEN,WR203,10,370,709,539.5,169.5,,
568,14,,Olamide Zaccheaus,ATL,RB151,9,374,681,527.5,153.5,,
569,14,,Neal Sterling,FA,TE96,,374,769,571.5,197.5,583,14
570,14,,River Cracraft,DEN,WR204,10,378,735,556.5,178.5,754,184
571,14,,JoJo Natson,LAR,WR205,9,379,711,545,166,631,60
572,14,,Pharoh Cooper,ARI,WR206,12,380,650,515,135,652,80
573,14,,Anthony Johnson,TB,WR207,7,383,715,549,166,,
574,14,,Kenneth Farrow,MIA,RB152,5,386,636,511,125,808,234
575,14,,Drew Stanton,CLE,QB53,7,390,551,470.5,80.5,466,-109
576,15,,Samaje Perine,WAS,RB153,10,404,597,500.5,96.5,567,-9
577,15,,Durham Smythe,MIA,TE97,5,407,767,587,180,960,383
578,15,,Kerrith Whyte,CHI,RB154,6,410,614,512,102,,
579,15,,Keon Hatcher,OAK,WR208,6,413,664,538.5,125.5,980,401
580,15,,Devontae Jackson,DEN,RB155,10,413,751,582,169,,
581,15,,Tony Brooks-James,ATL,RB156,9,414,684,549,135,,
582,15,,Nate Sudfeld,PHI,QB54,10,428,593,510.5,82.5,"1,011.00",429
583,15,,DeShone Kizer,GB,QB55,11,429,638,533.5,104.5,432,-151
584,15,,C.J. Beathard,SF,QB56,4,436,529,482.5,46.5,481,-103
585,15,,Trevor Siemian,NYJ,QB57,4,437,562,499.5,62.5,517,-68
586,15,,AJ McCarron,HOU,QB58,10,439,579,509,70,809,223
587,15,,Chad Henne,KC,QB59,12,442,546,494,52,700,113
588,15,,Jeff Driskel,CIN,QB60,9,443,494,468.5,25.5,595,7
589,15,,Joshua Dobbs,PIT,QB61,7,445,685,565,120,447,-142
590,16,,Mike Glennon,OAK,QB62,6,446,627,536.5,90.5,653,63
